u_total,v_total,w_total
-0.11977628,-0.25100052,-0.28026518
-0.1552571,-0.2413039,-0.26165023
-0.19020832,-0.22220747,-0.2205431
-0.22131923,-0.19659518,-0.15811932
-0.24540791,-0.16828911,-0.07889427
-0.25994676,-0.14136426,0.00955582
-0.26350716,-0.11941548,0.09762774
-0.25597632,-0.104998015,0.17527394
-0.23849769,-0.0993632,0.23387861
-0.21315673,-0.10253699,0.2679068
-0.18248121,-0.1136425,0.27601373
-0.14889556,-0.13132069,0.2612032
-0.1142563,-0.15407881,0.22997364
-0.07962622,-0.18043227,0.19063413
-0.045296688,-0.20885564,0.15117577
-0.011087005,-0.23761573,0.11725465
0.023201324,-0.26466158,0.09080516
0.057277203,-0.2876713,0.06969616
0.09001625,-0.30436063,0.048494246
0.11937413,-0.31296048,0.020190923
0.14264564,-0.31272638,-0.02156909
0.1569933,-0.30427837,-0.08029558
0.16014878,-0.2896292,-0.15508693
0.15105236,-0.2718376,-0.24005899
0.13022947,-0.2543498,-0.32497114
0.099780254,-0.24021453,-0.39684135
0.06294741,-0.23134322,-0.44234395
0.023391431,-0.2280135,-0.45040512
-0.015636804,-0.22871175,-0.41449413
-0.05193312,-0.23034868,-0.33411756
-0.084659256,-0.22880389,-0.21519692
-0.11422513,-0.2197335,-0.0692179
-0.14183152,-0.19951792,0.088740736
-0.16881502,-0.16621418,0.24251175
-0.19605859,-0.12030103,0.37753198
-0.22361182,-0.065011635,0.48298088
-0.25061905,-0.0060867374,0.55299646
-0.27553347,0.049113054,0.5868321
-0.2964782,0.0929159,0.5880095
-0.3116549,0.11883529,0.5629278
-0.31966066,0.12278235,0.51927257
-0.3196805,0.10369034,0.4646077
-0.3115572,0.063416086,0.40540317
-0.29579696,0.0060509145,0.3464813
-0.27354154,-0.06305172,0.29085916
-0.24651735,-0.13819005,0.23984785
-0.21696252,-0.21383673,0.19340496
-0.18747056,-0.28482306,0.15061566
-0.16074973,-0.3462563,0.110341616
-0.13929422,-0.39348456,0.071895964
-0.12504931,-0.4222531,0.03563615
-0.11910825,-0.42921636,0.003206991
-0.121546045,-0.41260377,-0.022669625
-0.1314294,-0.37279525,-0.03889758
-0.14699782,-0.31254607,-0.042984433
-0.16597219,-0.23667452,-0.033996496
-0.18590747,-0.1512775,-0.013091706
-0.20451662,-0.062667154,0.016615868
-0.21987881,0.023527682,0.050830875
-0.23053992,0.10292694,0.08525993
-0.23549667,0.17238908,0.11673787
-0.23412235,0.22958146,0.14387895
-0.22608557,0.27231926,0.16696732
-0.21132016,0.2981261,0.1871742
-0.19006588,0.3042027,0.20539097
-0.16296628,0.28792852,0.22118826
-0.13120273,0.24775633,0.23233508
-0.096574314,0.18421143,0.23514885
-0.06147345,0.10063778,0.22558945
-0.028693369,0.0033597134,0.20073985
-0.0010974172,-0.09877772,0.16016746
0.018858235,-0.19557406,0.106660604
0.02961312,-0.27702758,0.04606115
0.030907078,-0.33502626,-0.013837999
0.02397224,-0.36472392,-0.06498039
0.011453969,-0.3654236,-0.10095332
-0.0029665867,-0.34066814,-0.11854655
-0.015184842,-0.2975413,-0.118584976
-0.021408778,-0.24526927,-0.10580453
-0.018853964,-0.19345373,-0.08777673
-0.006271884,-0.15023589,-0.07310154
0.015821483,-0.12081491,-0.06926744
0.04523938,-0.1066624,-0.08070834
0.07853679,-0.105535015,-0.10754069
0.11164152,-0.1123091,-0.14536649
0.14058016,-0.12039392,-0.18623902
0.16217323,-0.12337582,-0.22058919
0.17454454,-0.116483845,-0.2395581
0.17740871,-0.097550035,-0.23715676
0.1720614,-0.067266405,-0.21162274
0.16110119,-0.028724965,-0.16564779
0.1479451,0.013539602,-0.105533674
0.13621965,0.054757334,-0.039581843
0.1291431,0.0910217,0.023735946
0.12899612,0.12005844,0.077366054
0.1367725,0.14149384,0.11663151
0.15204567,0.15668231,0.13959773
0.17306669,0.16816217,0.14690354
0.1970695,0.17891528,0.14130944
0.22070205,0.19158195,0.1271378
0.24054204,0.20779268,0.10969151
0.25359643,0.2277201,0.09462427
0.25772148,0.24995139,0.08721882
0.2519075,0.27173635,0.09157698
0.23638806,0.289569,0.10982393
0.21257767,0.30001748,0.14149606
0.18284065,0.30058134,0.18334639
0.1501755,0.2903247,0.22966492
0.11783951,0.27009138,0.27319175
0.08901048,0.24220042,0.30645475
0.066525474,0.20971173,0.32328156
0.052715745,0.17548835,0.3201394
0.04936006,0.14140923,0.29694206
0.05769215,0.10797108,0.25711238
0.07845159,0.07444219,0.20678888
0.11190342,0.03954397,0.15339851
0.15779571,0.0023834682,0.10389837
0.21521129,-0.03665254,0.06319821
0.28231314,-0.075377576,0.03318757
0.35606113,-0.109880686,0.012615402
0.43191874,-0.13518478,-0.0021496655
0.50380355,-0.14639351,-0.015779357
0.5643455,-0.13998231,-0.032432586
0.6056042,-0.11489471,-0.05443645
0.6201529,-0.07313615,-0.08148743
0.60245925,-0.019670717,-0.11053619
0.5502106,0.038384665,-0.13630182
0.46523085,0.09313318,-0.15228105
0.35376668,0.13746893,-0.15200023
0.2259021,0.16657789,-0.13032013
0.09423014,0.17896134,-0.084553994
-0.028045772,0.1767774,-0.0152128115
-0.12904236,0.16539793,0.07367099
-0.19996063,0.15229139,0.17475586
-0.23620404,0.14545038,0.27806106
-0.23776567,0.15170497,0.37209138
-0.20884469,0.17527743,0.44519308
-0.15690675,0.21685462,0.48717332
-0.091383494,0.27334335,0.49088436
-0.022258928,0.3383404,0.45357448
0.04117197,0.40311682,0.37771764
0.09132418,0.45797753,0.27106234
0.12297393,0.49368447,0.1457269
0.13355553,0.5027406,0.016408237
0.12312757,0.48037753,-0.102067076
0.09406299,0.4251475,-0.19720638
0.050555646,0.33911574,-0.2609559
-0.0020106172,0.22759824,-0.290837
-0.057695437,0.09859527,-0.2898668
-0.1106512,-0.038142122,-0.26543117
-0.15570359,-0.17221093,-0.22740103
-0.18887094,-0.29369664,-0.18606849
-0.20781568,-0.39423448,-0.15039828
-0.21216182,-0.4677007,-0.12697993
-0.20366949,-0.5106302,-0.11967221
-0.18613383,-0.5222167,-0.12979823
-0.16495994,-0.503981,-0.15656301
-0.14637628,-0.459271,-0.19742137
-0.1363615,-0.39264372,-0.24831799
-0.13945651,-0.30925623,-0.30390188
-0.15772322,-0.21427844,-0.35794854
-0.19011098,-0.1124812,-0.40407857
-0.2324459,-0.007937397,-0.43680802
-0.27812123,0.09606676,-0.45261234
-0.31933686,0.19681089,-0.45061255
-0.348685,0.29181975,-0.43261713
-0.36067364,0.3784544,-0.4024014
-0.35284728,0.4536331,-0.3644721
-0.32624334,0.5138196,-0.3227552
-0.28508383,0.5553626,-0.27966034
-0.23582126,0.57505774,-0.23587142
-0.18575887,0.5708653,-0.19082187
-0.14158018,0.54248863,-0.14362086
-0.10816873,0.4916888,-0.09406295
-0.08789009,0.42221397,-0.04327905
-0.08050297,0.33937168,0.006137495
-0.08362888,0.24934277,0.05053623
-0.09361374,0.15834452,0.0859785
-0.106519505,0.07190451,0.109052956
-0.11899921,-0.0057624425,0.117568515
-0.12886326,-0.07211803,0.11093688
-0.13524114,-0.12632507,0.09024139
-0.13838714,-0.16905953,0.058068644
-0.13923988,-0.20208171,0.018183598
-0.13890502,-0.22769566,-0.024870746
-0.1382127,-0.24821234,-0.06624117
-0.13744813,-0.26549146,-0.10124934
-0.13628882,-0.28066915,-0.12595226
-0.13391645,-0.29407308,-0.13769478
-0.12924704,-0.30529618,-0.13555023
-0.12120524,-0.31338868,-0.12056181
-0.10899183,-0.31708357,-0.095644936
-0.09230657,-0.3150063,-0.06512269
-0.071497254,-0.30585253,-0.033934314
-0.047641348,-0.28855333,-0.0067172805
-0.022522865,-0.2624703,0.013053912
0.0014986177,-0.22763304,0.023610853
0.021705952,-0.18503185,0.024949092
0.035353396,-0.13684992,0.01841201
0.04004187,-0.086544804,0.0059200968
0.034096755,-0.03865118,-0.010869785
0.016881442,0.0017432518,-0.03115957
-0.011025709,0.029820299,-0.055136338
-0.047813326,0.04194493,-0.0835449
-0.09061115,0.036502462,-0.1168942
-0.13583449,0.014374998,-0.1546124
-0.17959781,-0.021065349,-0.19448696
-0.21819127,-0.06447544,-0.2327
-0.24850523,-0.109447524,-0.26446533
-0.26836506,-0.14958552,-0.28508875
-0.27675748,-0.17952475,-0.2910988
-0.27391097,-0.19565696,-0.28105554
-0.26126564,-0.1965158,-0.25582173
-0.24129853,-0.18276156,-0.21823007
-0.21723881,-0.15685518,-0.17236817
-0.19266963,-0.12252341,-0.12273554
-0.1710663,-0.08413038,-0.073578835
-0.15533452,-0.046060286,-0.028530272
-0.1474203,-0.012171998,0.0095119225
-0.14808793,0.014585944,0.03839128
-0.1568885,0.032436933,0.05684995
-0.17234935,0.040877283,0.0648644
-0.19231398,0.04062427,0.06405148
-0.21436311,0.03345227,0.057902664
-0.23620592,0.021906262,0.051538225
-0.25596556,0.008926695,0.050849453
-0.2723286,-0.0025938859,0.061149146
-0.2845516,-0.010255397,0.085705176
-0.2924058,-0.012553568,0.124648884
-0.29610372,-0.009156236,0.1746886
-0.29625103,-0.0009932412,0.22971663
-0.29384255,0.009872546,0.28217635
-0.29025862,0.02059601,0.3247011
-0.2872085,0.028075589,0.3515368
-0.28657237,0.029574992,0.35938543
-0.290126,0.02332251,0.34753802
-0.2991703,0.008986129,0.3174847
-0.31414735,-0.012105103,0.27224702
-0.33432567,-0.037052058,0.215762
-0.3576626,-0.06184841,0.1524306
-0.38090515,-0.0821737,0.08685679
-0.39995092,-0.094408706,0.023649648
-0.41044012,-0.09667763,-0.032837413
-0.40849304,-0.08965558,-0.078919485
-0.3914584,-0.076878905,-0.11203563
-0.35853153,-0.064375654,-0.13118914
-0.31106845,-0.059581686,-0.13713722
-0.25253227,-0.06974123,-0.13220277
-0.18799867,-0.100135304,-0.119711146
-0.12332983,-0.15261056,-0.10313797
-0.06418568,-0.22480124,-0.08521568
-0.015075869,-0.31030443,-0.06727894
0.0212625,-0.39968562,-0.049120188
0.04411727,-0.48215273,-0.02943807
0.05460754,-0.54743594,-0.006786049
0.05516145,-0.5873965,0.019276347
0.048881687,-0.5971736,0.047297318
0.038960937,-0.57564956,0.073693365
0.028291091,-0.5252911,0.093367785
0.019293938,-0.4514814,0.1010836
0.013931114,-0.36157367,0.0931555
0.013776456,-0.26376256,0.06891194
0.02006894,-0.16593413,0.031348933
0.033692457,-0.07471998,-0.013264722
0.055090282,0.005255542,-0.05679032
0.08417105,0.07171212,-0.09119875
0.12026719,0.12461256,-0.11055004
0.16220842,0.1656679,-0.11243411
0.20847394,0.1975222,-0.09851271
0.25743407,0.22290894,-0.07413125
0.3076018,0.24395332,-0.047139283
0.35777998,0.26178643,-0.026273021
0.40713248,0.2765586,-0.019399336
0.4551175,0.28774813,-0.03194321
0.50132436,0.29461357,-0.06572678
0.54527116,0.29662612,-0.11840208
0.5862408,0.29375884,-0.18364386
0.6231522,0.2866144,-0.2520993
0.65456724,0.27643225,-0.31309825
0.6787946,0.26503134,-0.35683683
0.6940659,0.25471514,-0.3765512
0.69880277,0.24807432,-0.37024304
0.6918939,0.24762379,-0.34139782
0.67294884,0.25522208,-0.298466
0.64245677,0.27134874,-0.25314122
0.6018166,0.29442683,-0.21788532
0.553183,0.3204773,-0.203252
0.4991363,0.34337562,-0.21571761
0.44228718,0.35578445,-0.25650024
0.38484278,0.35069197,-0.32156056
0.32829535,0.32317135,-0.40268877
0.27329937,0.27189848,-0.48931208
0.21974294,0.199931,-0.57059515
0.16704108,0.114521004,-0.6372768
0.11449011,0.025886036,-0.68302923
0.06162691,-0.05477047,-0.7050587
0.008542685,-0.117407635,-0.7039043
-0.043968476,-0.15505703,-0.6826223
-0.09438312,-0.16494982,-0.6455371
-0.14055648,-0.14869715,-0.59690607
-0.17996366,-0.11157119,-0.53979313
-0.21000716,-0.06118585,-0.47547644
-0.22843947,-0.0059390147,-0.40345317
-0.23380503,0.04644395,-0.32204637
-0.22583163,0.08996599,-0.22949673
-0.2057028,0.12100909,-0.12514535
-0.17609437,0.13853969,-0.010453108
-0.14094211,0.14397334,0.11045956
-0.10493377,0.14077632,0.23097974
-0.07285687,0.13385984,0.3427381
-0.048882768,0.12881652,0.43691683
-0.03597107,0.13104798,0.5056764
-0.035486657,0.14487159,0.54342765
-0.04708893,0.17272596,0.54759496
-0.068857364,0.2146121,0.51885414
-0.09761061,0.2678956,0.4608198
-0.12933253,0.32754263,0.37939578
-0.15965883,0.38681233,0.28195414
-0.18434581,0.43825307,0.17658722
-0.19973916,0.4749246,0.0713778
-0.20318085,0.49157244,-0.026281074
-0.19330952,0.4855244,-0.11023858
-0.17022586,0.45718387,-0.17613573
-0.13545796,0.40998384,-0.22172496
-0.09172769,0.34983885,-0.24689035
-0.042522363,0.28416184,-0.2532936
0.008399003,0.22069776,-0.24367152
0.05755801,0.16624573,-0.22098887
0.10215772,0.12561576,-0.18768696
0.14035593,0.1008699,-0.14527602
0.17131323,0.091064416,-0.094404854
0.1950567,0.092537396,-0.03536363
0.21221069,0.09972218,0.031192314
0.22367951,0.1063559,0.10359391
0.2303714,0.10684548,0.17889737
0.23301862,0.09747462,0.25306743
0.23214188,0.07716732,0.32170972
0.22812691,0.04760887,0.3809657
0.22137716,0.012694336,0.42839524
0.21246834,-0.022531122,0.46343452
0.20224795,-0.05312961,0.48725685
0.19183587,-0.07536986,0.50200886
0.18251118,-0.087376885,0.509622
0.17551196,-0.08915965,0.5105646
0.17176801,-0.082104765,0.50301015
0.1716338,-0.06812474,0.48279813
0.17467017,-0.048799057,0.44437623
0.17954218,-0.024807211,0.38255838
0.18408054,0.004156232,0.29461527
0.18553312,0.03897318,0.18201204
0.18099631,0.080398224,0.051070556
0.16796045,0.12830755,-0.0876618
0.14486313,0.18127799,-0.22146674
0.11153816,0.23659067,-0.33807093
0.06942112,0.29075465,-0.42823413
0.021449259,0.34031343,-0.48735398
-0.028355706,0.38266206,-0.51569957
-0.075549535,0.41656828,-0.51735306
-0.116055906,0.44222245,-0.49836558
-0.14685398,0.4607644,-0.46487662
-0.16648965,0.47351348,-0.4217953
-0.17519845,0.48111862,-0.37238607
-0.1746989,0.48298356,-0.31856743
-0.16765842,0.47714132,-0.26164094
-0.1570077,0.46065477,-0.2029298
-0.14527167,0.43042475,-0.14411138
-0.13407433,0.38416117,-0.087157324
-0.123919345,0.32121596,-0.034067925
-0.114270054,0.24306265,0.013352525
-0.10385692,0.1532401,0.05358573
-0.09111583,0.05686373,0.08532071
-0.07462748,-0.04023314,0.107405625
-0.053470694,-0.13238855,0.11895022
-0.027429037,-0.21491984,0.11966838
0.0029419244,-0.2845802,0.1103263
0.036390018,-0.33972818,0.093074396
0.071123555,-0.38017312,0.07142381
0.10505675,-0.40689546,0.049747404
0.13607787,-0.42169687,0.032414544
0.16235083,-0.4269039,0.022809338
0.18256943,-0.42509308,0.022593666
0.19615214,-0.4188269,0.03145683
0.20330311,-0.41034296,0.047432568
0.20493573,-0.40121064,0.06764149
0.20245998,-0.3920174,0.08916516
0.19748792,-0.38219732,0.10976478
0.1915333,-0.3701146,0.12821998
0.18577507,-0.35344097,0.14427496
0.18094426,-0.32978714,0.15828265
0.17733909,-0.29742017,0.17076437
0.17494379,-0.25588536,0.18204984
0.17359403,-0.20631547,0.1921169
0.17312978,-0.15136471,0.20061785
0.17348666,-0.09474074,0.20703657
0.1747082,-0.040525965,0.21086878
0.17688546,0.0075782626,0.21177076
0.18005325,0.046830166,0.20965083
0.184085,0.075785555,0.20473328
0.18862198,0.094307065,0.19762558
0.193069,0.10333986,0.18939145
0.1966613,0.10451943,0.18159142
0.19859761,0.09974664,0.17620401
0.19820926,0.090815514,0.17535195
0.19512314,0.079172164,0.1808097
0.1893792,0.06583846,0.19336309
0.18146841,0.05151323,0.21218732
0.17227694,0.036797326,0.23448268
0.16295046,0.022472842,0.25555253
0.15470037,0.009698718,0.26943645
0.14859952,1.6966136e-05,0.2699965
0.14539051,-0.0049137524,0.25223404
0.1453413,-0.0038182256,0.21348406
0.14815083,0.0035932213,0.15415932
0.15291281,0.016149044,0.07786282
0.1581403,0.031094674,-0.009194139
0.16185498,0.044450358,-0.09923282
0.16175508,0.05183244,-0.18421037
0.1554585,0.04952,-0.25698137
0.14080946,0.035462976,-0.31219167
0.11621272,0.009912055,-0.34670007
0.080928884,-0.024536435,-0.35964176
0.03528581,-0.063474044,-0.35217816
-0.01928094,-0.10164979,-0.3271173
-0.08034474,-0.13405244,-0.2884907
-0.14480849,-0.15685204,-0.24111895
-0.20931922,-0.1679616,-0.1901676
-0.27077293,-0.16719389,-0.14060365
-0.32674098,-0.15606792,-0.096595004
-0.37580386,-0.13742909,-0.06086043
-0.41765335,-0.115021974,-0.03418321
-0.45299774,-0.0930797,-0.015237667
-0.48323143,-0.07593264,-0.0009316914
-0.5099887,-0.06754945,0.012734785
-0.53463864,-0.070989825,0.029425992
-0.5578787,-0.08778799,0.051176198
-0.5794878,-0.117414944,0.077417746
-0.59832823,-0.15702218,0.10467444
-0.61256045,-0.20162204,0.1270272
-0.6200365,-0.24477911,0.13726828
-0.618763,-0.27969015,0.12842812
-0.60733014,-0.30037236,0.09529945
-0.58521944,-0.30268183,0.03563664
-0.5529462,-0.28487477,-0.04913863
-0.51201004,-0.24764118,-0.15381326
-0.4647046,-0.1937004,-0.26974413
-0.41379568,-0.12715216,-0.38576615
-0.36217588,-0.052869737,-0.4895014
-0.3124973,0.023969408,-0.56912047
-0.26689664,0.09811358,-0.6152341
-0.22679396,0.16440716,-0.6226723
-0.1928452,0.21795538,-0.5916173
-0.16499737,0.2544708,-0.52775127
-0.14267053,0.27072945,-0.44125903
-0.124980316,0.2650971,-0.3448263
-0.11098249,0.23792922,-0.25119892
-0.09985829,0.19171233,-0.17083985
-0.09103083,0.13088039,-0.110354275
-0.08418384,0.061282076,-0.07189381
-0.07921573,-0.010552399,-0.05361297
-0.076148495,-0.07828,-0.050820388
-0.07503685,-0.13652581,-0.057448387
-0.07589422,-0.18153416,-0.067405
-0.07864698,-0.2115185,-0.07554747
-0.08310724,-0.22672378,-0.078181505
-0.08894507,-0.22913629,-0.07314327
-0.09565351,-0.22192234,-0.059628084
-0.10250068,-0.2086752,-0.037947796
-0.1084956,-0.19263197,-0.00934989
-0.11238935,-0.17604586,0.024023218
-0.112753,-0.15986142,0.059098206
-0.10814586,-0.14379978,0.091842175
-0.09737206,-0.12681283,0.11742971
-0.07979032,-0.10778254,0.13069618
-0.055602934,-0.08621633,0.12694293
-0.026055342,-0.06271677,0.10296926
0.006538399,-0.039041612,0.058120206
0.038981132,-0.017733512,-0.004981631
0.067557596,-0.001455638,-0.08027506
0.08854465,0.0077550733,-0.1588987
0.09872969,0.009048229,-0.2305409
0.09586823,0.002991403,-0.28535974
0.078986384,-0.00856267,-0.31599188
0.04851333,-0.022864519,-0.31926224
0.0062662615,-0.03673857,-0.2970933
-0.044698488,-0.04699907,-0.2563621
-0.10030667,-0.05073577,-0.20763853
-0.15580356,-0.04550898,-0.16300316
-0.20616011,-0.029525263,-0.13344623
-0.2466091,-0.0018598291,-0.12641582
-0.2732079,0.037265744,-0.1441636
-0.28339612,0.08624539,-0.18327305
-0.2763838,0.14197254,-0.23547803
-0.25329065,0.20000002,-0.28953302
-0.21696366,0.25496083,-0.33357912
-0.17149174,0.30127618,-0.35745353
-0.12153564,0.3339673,-0.35438764
-0.07159141,0.34946942,-0.32187128
-0.025381314,0.34622762,-0.26165617
0.014561697,0.3249786,-0.17908588
0.04700928,0.28863135,-0.08205785
0.071921155,0.24175787,0.020200904
0.09011883,0.1898137,0.118288286
0.102881946,0.13820893,0.20372257
0.11153929,0.0914742,0.26981175
0.117160074,0.052642297,0.31235388
0.12038272,0.023021406,0.33000708
0.121411316,0.00233603,0.3243434
0.12015308,-0.010782804,0.29950535
0.11645299,-0.018142393,0.26151246
0.11035673,-0.021327216,0.21732183
0.10233091,-0.021231798,0.17378353
0.093378305,-0.017903788,0.13666624
0.08501818,-0.010735675,0.10992565
0.07911746,0.0010650358,0.09526672
0.077611685,0.017883217,0.092053235
0.082161754,0.03919304,0.09749621
0.09382562,0.063318044,0.107083775
0.11281983,0.08758447,0.11520272
0.13842584,0.10882762,0.11592578
0.16908775,0.12413833,0.10393573
0.20266712,0.13159323,0.075494155
0.2368372,0.13074301,0.029284434
0.26949385,0.12267092,-0.03308098
0.29913,0.109592505,-0.10712997
0.32505018,0.09412636,-0.18621875
0.34741715,0.07847531,-0.26280636
0.36708856,0.06381501,-0.32993683
0.3853219,0.050086338,-0.38260335
0.40338662,0.036261313,-0.4185207
0.42219293,0.02095034,-0.43816695
0.44198886,0.0031188845,-0.44407392
0.46219483,-0.017383805,-0.43968302
0.48138598,-0.039660834,-0.42814285
0.49743867,-0.062033053,-0.41143638
0.50780463,-0.08258658,-0.39006588
0.5098951,-0.09978922,-0.36330274
0.50150555,-0.11289955,-0.32986668
0.481225,-0.12202858,-0.2887561
0.44875222,-0.12782061,-0.24002196
0.40503407,-0.13090894,-0.18526559
0.35220486,-0.13137248,-0.12782314
0.29328603,-0.12843889,-0.07255971
0.23175105,-0.12058057,-0.025365544
0.17099328,-0.10600616,0.0076570744
0.11388581,-0.08340226,0.02115376
0.062465988,-0.052669495,0.011541373
0.017866513,-0.015413219,-0.022127407
-0.019571818,0.025006872,-0.07763518
-0.050047826,0.06390591,-0.14960352
-0.073998496,0.096054554,-0.23006313
-0.09187278,0.116643496,-0.30959794
-0.1040044,0.12215705,-0.37877104
-0.110621564,0.11100953,-0.42960158
-0.11193579,0.083835505,-0.45665166
-0.108266816,0.04344557,-0.45752954
-0.10013676,-0.0054861447,-0.43265483
-0.08830199,-0.05697255,-0.3844436
-0.073721446,-0.104425564,-0.31623814
-0.057474047,-0.14155908,-0.23135176
-0.040668283,-0.163359,-0.13263483
-0.024354454,-0.16703239,-0.022618301
-0.009470165,-0.1526649,0.095784694
0.0032061012,-0.123369254,0.2184821
0.013083543,-0.0847642,0.33960634
0.01979603,-0.04380426,0.45159864
0.023232266,-0.0072479406,0.54593813
0.023557482,0.0198516,0.6144937
0.021204442,0.035146143,0.6509981
0.016825246,0.03922588,0.6523171
0.011206079,0.035023965,0.6190852
0.005154744,0.026658822,0.5556152
-0.00061003526,0.01813402,0.46914792
-0.0055520474,0.01234021,0.36865583
-0.00937244,0.010660786,0.26358297
-0.012028628,0.013222995,0.1627077
-0.013717938,0.019603033,0.07341823
-0.014838696,0.029633434,0.0013218881
-0.015933506,0.043939427,-0.04976518
-0.017618638,0.063957505,-0.077707015
-0.020501185,0.09137222,-0.08189337
-0.025090327,0.12714991,-0.06322628
-0.03171387,0.17048053,-0.02424862
-0.040464554,0.21805532,0.03064881
-0.05118555,0.2639871,0.09508027
-0.06350695,0.30057594,0.16079757
-0.07692164,0.31981945,0.2182579
-0.09086718,0.31531435,0.257658
-0.10480087,0.28405285,0.27040166
-0.11823606,0.22754966,0.2507019
-0.13076052,0.15190306,0.19699933
-0.14204292,0.06673264,0.112802245
-0.15185882,-0.01680979,0.006624542
-0.16012922,-0.08834605,-0.10904154
-0.16695239,-0.14035748,-0.21968828
-0.17258105,-0.16943088,-0.31122056
-0.17730466,-0.17647034,-0.3724556
-0.18122627,-0.16585039,-0.39702958
-0.18398117,-0.1438459,-0.3843742
-0.18448456,-0.11677259,-0.33949447
-0.18082537,-0.08930087,-0.27167118
-0.17040138,-0.06335153,-0.19242842
-0.15032005,-0.037790667,-0.11321844
-0.118022144,-0.009022093,-0.043392878
-0.07197034,0.027680635,0.011229623
-0.012250518,0.076379895,0.048907798
0.059128307,0.13871117,0.07171067
0.13828744,0.21261087,0.084541075
0.21996798,0.2920167,0.09377426
0.29828382,0.3676642,0.10579358
0.36766642,0.4289269,0.12573622
0.42372227,0.46616963,0.15664096
0.46392095,0.47303542,0.19911702
0.48791677,0.4479514,0.2514805
0.49751648,0.3944457,0.31026208
0.49625683,0.32020152,0.37084895
0.48868817,0.23512729,0.42813352
0.4794732,0.14910074,0.47698462
0.47245798,0.06996975,0.5125992
0.46990085,0.0024243542,0.5307469
0.47202265,-0.052129667,0.5280853
0.47699955,-0.09479539,0.5025935
0.4814184,-0.12789537,0.45411673
0.4811072,-0.15371884,0.38485673
0.47215047,-0.17366241,0.2996025
0.45184216,-0.18800546,0.20543545
0.4193583,-0.19622906,0.110907234
0.3759816,-0.19766106,0.024708152
0.3248865,-0.19211721,-0.045771345
0.2705341,-0.18028462,-0.095718585
0.21790814,-0.16372038,-0.12359827
0.17172751,-0.14447626,-0.13120043
0.13585079,-0.12449888,-0.12302118
0.1128958,-0.104980245,-0.1052209
0.104126535,-0.08587116,-0.08441619
0.10951221,-0.065685004,-0.06654207
0.12791416,-0.041705247,-0.0559606
0.1573293,-0.010577881,-0.054868292
0.19515076,0.03076287,-0.06304774
0.23845603,0.08404093,-0.0779663
0.28428155,0.14866142,-0.09523136
0.32990798,0.22113645,-0.109392986
0.37308693,0.29510105,-0.11499058
0.41218808,0.36204183,-0.10766601
0.4462491,0.41268304,-0.08508737
0.47490618,0.43874004,-0.047422394
0.49825656,0.43465868,0.002818739
0.5166598,0.39889675,0.061507143
0.53057253,0.33444032,0.12402519
0.54040474,0.2483795,0.18639475
0.54644036,0.15058908,0.24606189
0.5487988,0.051899232,0.3020159
0.54746115,-0.03795789,0.35431483
0.5423474,-0.11206174,0.40317968
0.5334366,-0.16735795,0.44810134
0.5209127,-0.20473765,0.48730606
0.5052694,-0.2282507,0.5178971
0.48730612,-0.24358636,0.5365921
0.467951,-0.2562653,0.5408154
0.44789568,-0.27002323,0.5297132
0.42713362,-0.28581288,0.50471973
0.40452093,-0.3016949,0.46945992
0.37757397,-0.31360447,0.42903537
0.34263507,-0.31674263,0.3889198
0.29549548,-0.3071368,0.35385174
0.23234823,-0.28291184,0.32695094
0.15088674,-0.24488969,0.30926353
0.051204424,-0.19635507,0.2997205
-0.06367849,-0.142142,0.2954545
-0.18795045,-0.08729741,0.29236266
-0.3137093,-0.03578046,0.28587222
-0.4321613,0.010451276,0.27184567
-0.53489435,0.05166588,0.24754144
-0.61512244,0.089929625,0.21244003
-0.668506,0.12813118,0.16870555
-0.6935026,0.16881818,0.121046156
-0.69118345,0.21316503,0.075946644
-0.6647163,0.26043755,0.040345103
-0.61862826,0.30805522,0.020139918
-0.55802953,0.35224956,0.01892407
-0.48798677,0.3890324,0.037319344
-0.4130383,0.41522926,0.07302414
-0.33692238,0.42919916,0.121493034
-0.26243576,0.43104804,0.17697065
-0.19147123,0.422268,0.2334748
-0.12509564,0.4049459,0.2855435
-0.06373701,0.3808004,0.328591
-0.00741055,0.35038146,0.3589865
0.04396958,0.3127652,0.37398386
0.090330236,0.26587477,0.3717388
0.13121903,0.20742407,0.35146746
0.1657308,0.13618411,0.313718
0.1925661,0.053229857,0.2606457
0.21027936,-0.037363272,0.19608177
0.21761726,-0.12862024,0.12527865
0.21388564,-0.21164863,0.0542975
0.19924435,-0.27730906,-0.01089714
0.17486319,-0.3180427,-0.065349355
0.14289194,-0.3294794,-0.10590599
0.10624839,-0.31132677,-0.13160896
0.06824205,-0.26738182,-0.14363807
0.032133415,-0.20475179,-0.14480391
0.00064692105,-0.13250783,-0.13876557
-0.024437472,-0.060132604,-0.1291288
-0.04256007,0.0039613126,-0.1186164
-0.054424755,0.0535326,-0.108466595
-0.06181397,0.085222,-0.098134995
-0.067155026,0.09874979,-0.08535825
-0.07292887,0.096658066,-0.066578865
-0.08103571,0.08364475,-0.03770667
-0.0922772,0.06561172,0.0048964303
-0.10607758,0.04855929,0.06336139
-0.12052934,0.037511744,0.13745667
-0.13273351,0.035683878,0.22410351
-0.1393672,0.044019863,0.31752563
-0.13731775,0.06119881,0.40998653
-0.124241434,0.08408292,0.49301368
-0.09893778,0.10845864,0.5586889
-0.061498206,0.12990731,0.600799
-0.013254445,0.14459096,0.61548036
0.043432638,0.14981674,0.6013356
0.10541759,0.14430265,0.55913603
0.16907868,0.12818755,0.49136776
0.23061584,0.102847494,0.40184456
0.2863904,0.07060612,0.29544383
0.33323053,0.034440123,0.17802788
0.36876747,-0.0023255704,0.056244344
0.39167485,-0.03630355,-0.06282735
0.4017801,-0.0643427,-0.1723193
0.39998186,-0.08379929,-0.26626366
0.3880045,-0.09280536,-0.34030724
0.36802375,-0.09045349,-0.39211085
0.342269,-0.07687675,-0.4213728
0.31268695,-0.05320152,-0.429503
0.28076938,-0.02141249,-0.41906595
0.24752222,0.015844557,-0.39322492
0.21357906,0.05545725,-0.35531545
0.1793717,0.09404356,-0.30861107
0.14532895,0.12812136,-0.2562925
0.11200038,0.15436105,-0.20145695
0.08012375,0.1699196,-0.14710194
0.050603434,0.17287958,-0.09596483
0.024456238,0.16271628,-0.050285842
0.0026932096,0.14069676,-0.011484802
-0.013805535,0.11005116,0.020060176
-0.024432704,0.075796835,0.04504814
-0.02897525,0.04420371,0.06499449
-0.027724681,0.021901177,0.08173821
-0.021534385,0.014789123,0.09679115
-0.0118072275,0.026929129,0.11073248
-0.00040375462,0.05963527,0.12282368
0.010540945,0.11095174,0.13100465
0.018868089,0.17567779,0.13229
0.022684185,0.24603227,0.123477384
0.020625561,0.31282637,0.10196967
0.012058617,0.36705235,0.06647872
-0.0028391187,0.40149376,0.017409414
-0.023141917,0.41203254,-0.04319255
-0.047355175,0.39829072,-0.11202728
-0.07369768,0.36349538,-0.18516992
-0.100411944,0.31359217,-0.25866368
-0.12606163,0.25585076,-0.32892385
-0.14973652,0.19740093,-0.3927702
-0.17117484,0.14397505,-0.44724792
-0.19076476,0.09915153,-0.48931432
-0.20945439,0.06412458,-0.51566994
-0.22856839,0.03797256,-0.52286595
-0.24958962,0.01820505,-0.50781214
-0.2739089,0.0014942392,-0.4685359
-0.30257672,-0.015540794,-0.4049942
-0.33609095,-0.035577536,-0.31963387
-0.37420818,-0.05992316,-0.21757334
-0.41584608,-0.0880746,-0.10621977
-0.4590665,-0.11761718,0.005538038
-0.5011961,-0.14458288,0.10848298
-0.53904265,-0.16423461,0.19424424
-0.5692634,-0.17218113,0.25648975
-0.5887866,-0.1655159,0.29184344
-0.5952395,-0.14366156,0.30045223
-0.58726865,-0.108659804,0.28601217
-0.56470513,-0.06479633,0.25520664
-0.5285199,-0.017677259,0.21651168
-0.48057333,0.026977299,0.17853393
-0.4232761,0.06440798,0.14827947
-0.35920638,0.09153445,0.12975426
-0.29082376,0.1071204,0.12338282
-0.2203021,0.11147168,0.1264525
-0.149569,0.10585523,0.13450888
-0.08040693,0.091924615,0.1432578
-0.014615911,0.07134212,0.15034007
0.045910418,0.04567284,0.15632917
0.099174775,0.016517933,0.16454814
0.1432509,-0.014303197,0.17973068
0.17652325,-0.04466182,0.20596707
0.19795963,-0.07224577,0.24469353
0.20728616,-0.094863474,0.29344836
0.20504491,-0.11086778,0.34591198
0.19247136,-0.11950665,0.39323393
0.17122993,-0.12107524,0.42623416
0.1430967,-0.116782956,0.43771136
0.10966437,-0.108368665,0.4242088
0.07217103,-0.09755545,0.38671172
0.031501155,-0.08550332,0.33021533
-0.011659016,-0.07240677,0.26239756
-0.056520443,-0.05736725,0.19192375
-0.10190101,-0.03857705,0.12676719
-0.14600702,-0.013805892,0.072944514
-0.18641673,0.018923631,0.033776917
-0.22025834,0.06060087,0.009746817
-0.24462543,0.11065811,-0.0012061385
-0.25709194,0.16671322,-0.0029924186
-0.25621206,0.22477266,-0.00042832806
-0.24185315,0.2798287,0.0018245054
-0.21528068,0.32681438,0.00026381877
-0.17895737,0.36162254,-0.006682538
-0.13610476,0.38195297,-0.018281043
-0.09018656,0.3877123,-0.031591862
-0.044395305,0.38089585,-0.042046733
-0.001294973,0.36494133,-0.044397235
0.037362393,0.34374395,-0.033863038
0.070608296,0.32062405,-0.0072650122
0.09814011,0.2975163,0.03607065
0.12014099,0.2746227,0.09382805
0.13712524,0.25060505,0.16079666
0.1498159,0.2232803,0.2295049
0.15908669,0.19057809,0.29138872
0.16591762,0.15150395,0.33820385
0.17135037,0.10678933,0.3634207
0.1764126,0.05907384,0.36323228
0.18201593,0.0125052,0.33703774
0.18883409,-0.02809515,0.28728986
0.19719693,-0.05829492,0.21883117
0.20702408,-0.07501096,0.1380175
0.2178329,-0.07717483,0.051811654
0.22882742,-0.06590983,-0.032922644
0.23905525,-0.0442164,-0.10995526
0.24759209,-0.016287245,-0.1740407
0.25372112,0.013387677,-0.2213476
0.25705394,0.040907644,-0.2499196
0.25757292,0.063662544,-0.26013088
0.25558835,0.080727994,-0.2549265
0.25163093,0.09286969,-0.23960856
0.24631062,0.10220578,-0.22105011
0.2401687,0.111578874,-0.20639233
0.23354702,0.12379032,-0.20150977
0.22648625,0.14084585,-0.2096641
0.2186541,0.16338415,-0.23071371
0.20931886,0.19039305,-0.26111478
0.19737771,0.219287,-0.29471278
0.18147117,0.24629045,-0.3240657
0.16017732,0.26708245,-0.34200254
0.13228941,0.27753383,-0.34303924
0.09710973,0.27439383,-0.3243969
0.054727964,0.25578046,-0.2864669
0.006164594,0.22141302,-0.23268269
-0.046642754,0.17256413,-0.1688408
-0.10106059,0.11178564,-0.101967275
-0.1540859,0.04256345,-0.039008148
-0.20278282,-0.031073743,0.014504124
-0.24466543,-0.104876034,0.05544833
-0.27798474,-0.1746769,0.083594434
-0.30181953,-0.2366218,0.101403765
-0.316033,-0.2874683,0.113257125
-0.3210915,-0.3248569,0.12426836
-0.3178371,-0.34755033,0.13900743
-0.30727738,-0.35550985,0.16043748
-0.29045606,-0.3497955,0.18931161
-0.2684163,-0.33223087,0.22411317
-0.24223569,-0.30489853,0.26149958
-0.2131184,-0.26961452,0.29702276
-0.182464,-0.22750731,0.32595056
-0.15189725,-0.17887004,0.34394854
-0.123214275,-0.123324856,0.34754533
-0.0982786,-0.06033635,0.33438078
-0.078836024,0.010123167,0.3033653
-0.06631426,0.08690339,0.254836
-0.061632395,0.16723472,0.1907515
-0.06506165,0.24671757,0.11480708
-0.07617852,0.3197078,0.03237229
-0.0939151,0.38012555,-0.05001187
-0.11670505,0.42238304,-0.1255385
-0.1426907,0.44221294,-0.18834849
-0.16990454,0.43714416,-0.23463254
-0.19640209,0.40661365,-0.26335233
-0.22028235,0.35176405,-0.27621287
-0.23963256,0.27511072,-0.27688947
-0.25242952,0.18033355,-0.2697322
-0.25652486,0.07218041,-0.25840628
-0.24977203,-0.043516975,-0.2449088
-0.23033354,-0.1599746,-0.22928153
-0.1971382,-0.2697676,-0.21008213
-0.15036283,-0.36555934,-0.18538512
-0.09180114,-0.4410187,-0.15395193
-0.024950042,-0.49177355,-0.11614148
0.045190603,-0.51606244,-0.074297965
0.11268057,-0.5149989,-0.032456487
0.17139585,-0.49231628,0.004509145
0.21587922,-0.4536886,0.032078188
0.24205872,-0.40581328,0.047236793
0.24780948,-0.35541564,0.049339782
0.2332194,-0.30834454,0.04040191
0.20056672,-0.26884443,0.02475456
0.15403895,-0.2391198,0.008152667
0.09920118,-0.21914873,-0.003464885
0.042279746,-0.20682693,-0.005264385
-0.010708673,-0.19841492,0.0054368633
-0.054812852,-0.18928008,0.028586771
-0.08694605,-0.17483853,0.06137717
-0.106412224,-0.1515885,0.09875758
-0.115066,-0.11803891,0.13436648
-0.11701697,-0.07536464,0.16164318
-0.117934555,-0.027575923,0.17497902
-0.12404435,0.018889323,0.17068629
-0.14100482,0.05615912,0.1476742
-0.1728771,0.07639332,0.10770877
-0.22133902,0.07341728,0.055228043
-0.2852894,0.044235077,-0.0033414746
-0.36086756,-0.009990317,-0.06066991
-0.44191334,-0.08379009,-0.10986579
-0.52070665,-0.168131,-0.14572492
-0.58900124,-0.25202268,-0.1656549
-0.6391277,-0.32458943,-0.16995421
-0.66507167,-0.3771609,-0.16138834
-0.6633126,-0.4047782,-0.14419952
-0.63335806,-0.40683576,-0.122870676
-0.57781774,-0.38664705,-0.10102305
-0.50198615,-0.3501378,-0.08074049
-0.41305512,-0.30412376,-0.062471353
-0.31902102,-0.25467825,-0.045392945
-0.22755477,-0.20607449,-0.028055688
-0.14498857,-0.16049719,-0.009043113
-0.0756984,-0.11852115,0.012517161
-0.021820879,-0.079977594,0.0367055
0.016607169,-0.044871204,0.0627909
0.041248593,-0.013967413,0.08939904
0.05490239,0.011078284,0.11474593
0.060967173,0.028074246,0.13690494
0.062967,0.034903463,0.15401769
0.064181045,0.030160194,0.16442864
0.067346804,0.013581683,0.16671458
0.07440322,-0.013844521,0.1596526
0.08625667,-0.050120533,0.1421654
0.102605574,-0.09274265,0.11331746
0.12187157,-0.13925494,0.07246093
0.14132409,-0.18770234,0.019545786
0.15742669,-0.23676167,-0.04440713
0.16639583,-0.28550097,-0.116819985
0.16486634,-0.33275735,-0.19315676
0.15055695,-0.37641096,-0.26691386
0.12276452,-0.4128128,-0.33008942
0.08258563,-0.43670547,-0.37420973
0.03278984,-0.44185972,-0.39181253
-0.022576578,-0.42237794,-0.37806332
-0.07882847,-0.37442216,-0.33218026
-0.13133296,-0.29783913,-0.25821263
-0.17615706,-0.19709346,-0.16485469
-0.21049687,-0.08118047,-0.06430036
-0.23290983,0.03771143,0.029801467
-0.24328771,0.14642093,0.10478593
-0.24264854,0.23341024,0.1513174
-0.2328115,0.29090437,0.16500749
-0.21605678,0.31616032,0.14703856
-0.19482441,0.31147045,0.103570566
-0.17147651,0.28306568,0.044105407
-0.14814785,0.23935027,-0.02073544
-0.12662052,0.18902165,-0.081542596
-0.10822085,0.13957742,-0.1319585
-0.09370143,0.09646193,-0.16964504
-0.083144136,0.06292292,-0.19614339
-0.07589002,0.04030708,-0.21579984
-0.07056636,0.028571263,-0.23403507
-0.06523831,0.02673763,-0.25547615
-0.057698876,0.033185575,-0.28242892
-0.045859322,0.045774393,-0.31409737
-0.028175065,0.061919637,-0.3466975
-0.0040047397,0.078748055,-0.37441412
0.026165856,0.09338471,-0.39087272
0.060717348,0.10337847,-0.3907643
0.09709978,0.10714336,-0.37117127
0.13222393,0.1042884,-0.3322785
0.16291603,0.095725335,-0.2773619
0.1863876,0.08352918,-0.2120936
0.20058477,0.070604526,-0.14342645
0.20437397,0.060264785,-0.07834317
0.19753203,0.05584622,-0.022864616
0.18059134,0.06038393,0.018579325
0.15458587,0.07633335,0.04327773
0.12079088,0.105249114,0.04999612
0.08051408,0.14736752,0.038568556
0.035028197,0.20107663,0.0095650535
-0.014392498,0.26245895,-0.03577259
-0.06631832,0.32511246,-0.0952886
-0.11899223,0.38054425,-0.16551678
-0.17015705,0.4191986,-0.2413246
-0.21703196,0.43213928,-0.31599158
-0.2564249,0.412987,-0.3818427
-0.2850193,0.3596196,-0.43146735
-0.29974797,0.2751359,-0.45915577
-0.2982414,0.167701,-0.46219337
-0.27922025,0.04925721,-0.44147786
-0.24276736,-0.06665666,-0.4012049
-0.19045825,-0.16729674,-0.3477197
-0.12530276,-0.24289604,-0.28787577
-0.0515274,-0.2880315,-0.22748467
0.025818605,-0.30203223,-0.17032348
0.10131989,-0.2884451,-0.11801744
0.16978037,-0.25388756,-0.07062262
0.22678857,-0.20658147,-0.027618866
0.2692396,-0.15488198,0.011197042
0.29565516,-0.1060861,0.045231007
0.30632094,-0.06557998,0.07322554
0.3031416,-0.036446456,0.0938324
0.28926662,-0.019505007,0.10635004
0.2685702,-0.013767321,0.11127025
0.24508761,-0.01714589,0.110434644
0.2225207,-0.027272932,0.10672806
0.20387053,-0.042210713,0.10344071
0.1912487,-0.06086249,0.10353235
0.18580842,-0.08300699,0.10902255
0.18777783,-0.1089813,0.12067259
0.19654445,-0.13916902,0.13799323
0.21076949,-0.1735306,0.15951806
0.22852421,-0.21133666,0.18318829
0.24746886,-0.25124335,0.20673676
0.26508012,-0.29161417,0.22796063
0.2789287,-0.33094707,0.24487655
0.28696758,-0.36814266,0.25577635
0.28781804,-0.4025381,0.25928664
0.2809838,-0.43366393,0.25446314
0.26695728,-0.46091577,0.24093442
0.2471921,-0.48332223,0.21905583
0.2239207,-0.49963197,0.18998666
0.19984533,-0.50868875,0.15562586
0.17772973,-0.50994706,0.11836541
0.15999071,-0.5038432,0.080748565
0.14833452,-0.4917994,0.04508599
0.14354268,-0.47578254,0.013199427
0.14544348,-0.457555,-0.013639217
0.15307772,-0.43794858,-0.034516457
0.16500305,-0.41646504,-0.048567392
0.17965212,-0.3914264,-0.05467218
0.195648,-0.36063895,-0.051368225
0.21197568,-0.32235822,-0.0371084
0.22800276,-0.27615705,-0.010885927
0.24335085,-0.22339861,0.02692434
0.2577039,-0.16709706,0.07381393
0.27061906,-0.11127528,0.12476799
0.28143632,-0.05996236,0.17260055
0.2893002,-0.016213175,0.20902507
0.29329178,0.018601393,0.22631198
0.2926143,0.04501218,0.2190766
0.2867807,0.065230265,0.18573499
0.27574474,0.08254398,0.12913589
0.25993845,0.10054947,0.056139223
0.24023609,0.12237312,-0.023689376
0.21784449,0.15005846,-0.09997016
0.19417366,0.18418548,-0.16339625
0.17071722,0.2237707,-0.20715162
0.14894865,0.26646554,-0.22759846
0.13025989,0.30897516,-0.2241808
0.115876056,0.34768498,-0.19883838
0.106745645,0.3793325,-0.15519091
0.103372194,0.4016114,-0.09778356
0.10561054,0.41353166,-0.031575937
0.112460956,0.4154925,0.03839143
0.12194941,0.40902084,0.1071996
0.13117455,0.39626744,0.17027535
0.13656405,0.37941357,0.22360449
0.13435817,0.36013436,0.26402432
0.12124855,0.33924043,0.28945622
0.09505034,0.31653115,0.29907706
0.055280376,0.29084313,0.29337794
0.003484763,0.26019582,0.274164
-0.056755565,0.22199607,0.24445342
-0.120201394,0.17326465,0.20823786
-0.18059263,0.11098485,0.17006876
-0.23153098,0.032588452,0.13440162
-0.2673926,-0.06332891,0.1047924
-0.28415143,-0.17618272,0.083120435
-0.27993593,-0.3025423,0.069134675
-0.25527692,-0.4356795,0.060505237
-0.21297245,-0.5657116,0.053485457
-0.15759523,-0.68063,0.04400097
-0.09478644,-0.76801103,0.028823182
-0.03040519,-0.81729424,0.0064107906
0.030260973,-0.8219494,-0.022859586
0.0831291,-0.78099835,-0.057130676
0.12563662,-0.699442,-0.09391342
0.15680459,-0.5874582,-0.13100699
0.17701513,-0.45855844,-0.16707984
0.18762922,-0.32713878,-0.20173028
0.19052567,-0.20616661,-0.23501094
0.18769152,-0.10532399,-0.26671535
0.18090168,-0.030070286,-0.2957152
0.17152368,0.01837615,-0.31965736
0.16043109,0.04231937,-0.33517307
0.14800842,0.046388812,-0.33852652
0.13419734,0.036279827,-0.32656938
0.11857544,0.017667089,-0.2977105
0.100437865,-0.0045042704,-0.25266662
0.07889774,-0.026271097,-0.19484486
0.0529816,-0.04454275,-0.13021295
0.021744678,-0.056773726,-0.066669606
-0.015610003,-0.060643792,-0.01292536
-0.059566192,-0.053927902,0.022900581
-0.11013738,-0.03468572,0.034835923
-0.16670133,-0.0017364501,0.020383721
-0.22790386,0.044740405,-0.018700546
-0.29160884,0.10267682,-0.0764343
-0.3550196,0.16793823,-0.14355756
-0.41490558,0.23459806,-0.20923872
-0.46795645,0.29570103,-0.26318797
-0.5111192,0.34428117,-0.2975866
-0.54193187,0.3744923,-0.30845574
-0.5587195,0.38251284,-0.29608732
-0.5606657,0.3670748,-0.26453072
-0.5477611,0.32953012,-0.22037183
-0.5207141,0.27352104,-0.17115691
-0.48085704,0.20436996,-0.123870336
-0.4300677,0.12831786,-0.08373569
-0.37073866,0.051815633,-0.05355878
-0.30570033,-0.019164713,-0.033565424
-0.2381012,-0.07969386,-0.021729857
-0.17119096,-0.1263774,-0.014457502
-0.108109504,-0.15768455,-0.0074973544
-0.051632054,-0.17415741,0.0031004967
-0.004003481,-0.17834581,0.020138271
0.03316124,-0.17443006,0.044712014
0.058865927,-0.16751458,0.07601067
0.07272702,-0.16268434,0.11149842
0.07496585,-0.16399999,0.147365
0.06644549,-0.17366192,0.17909344
0.048731085,-0.19155912,0.20201111
0.024132406,-0.2153011,0.21170571
-0.00434619,-0.24073243,0.20436299
-0.033181865,-0.26277974,0.17706902
-0.05865247,-0.27644,0.12817197
-0.077220194,-0.27766967,0.05778124
-0.0859436,-0.26405653,-0.031676184
-0.08280357,-0.23516116,-0.13495564
-0.066886604,-0.19251499,-0.24382493
-0.038408577,-0.13933496,-0.34732807
0.0014105041,-0.07996853,-0.43278974
0.050571192,-0.019177772,-0.48743707
0.10659214,0.038673986,-0.5004932
0.16677515,0.09032506,-0.46528915
0.22848806,0.13414276,-0.38098145
0.2893815,0.17026542,-0.25334838
0.34757558,0.20033194,-0.094336286
0.4017205,0.22680299,0.07951165
0.451008,0.25208873,0.2496586
0.49505115,0.27767682,0.3985326
0.53369296,0.3035244,0.5123276
0.56673604,0.32784957,0.58289814
0.5937185,0.34740278,0.60860795
0.61375755,0.3581238,0.5938741
0.6255462,0.3560441,0.5476731
0.62750596,0.33823702,0.48144722
0.61810076,0.30364892,0.4069098
0.5962444,0.25364357,0.33422443
0.5617112,0.19211939,0.27082804
0.5154826,0.12519956,0.22105406
0.45992005,0.0604305,0.18632142
0.39874208,0.0056653004,0.1657289
0.3367572,-0.03220943,0.1567581
0.27945498,-0.0483816,0.15592681
0.2324186,-0.04089827,0.15929742
0.20069946,-0.0109019615,0.16290264
0.18819964,0.037684426,0.16315441
0.19713469,0.09895312,0.1572846
0.2276482,0.16603412,0.14377785
0.27761462,0.23218852,0.12268114
0.3426933,0.29170525,0.09563439
0.4166846,0.34050483,0.06551729
0.49210724,0.3763208,0.035765246
0.5610427,0.3985812,0.0094943335
0.6160653,0.40801284,-0.01125946
0.65115756,0.4061378,-0.02593676
0.6623911,0.3947929,-0.035321135
0.6483276,0.37579954,-0.0409623
0.6100161,0.3508259,-0.04437379
0.55061144,0.32142204,-0.046345297
0.47475606,0.28917018,-0.046639048
0.38782027,0.25580364,-0.04418583
0.2952026,0.22322035,-0.037674524
0.20175956,0.19332254,-0.02628091
0.11153533,0.16774833,-0.0102399485
0.027636737,0.14753665,0.008968279
-0.047693253,0.13288848,0.028881416
-0.11296862,0.12310363,0.046680536
-0.16730246,0.11675269,0.05993552
-0.21035348,0.112022586,0.0672568
-0.24228181,0.10714813,0.06863289
-0.26372772,0.1007886,0.065378174
-0.27572086,0.092245154,0.059730116
-0.2795396,0.08145996,0.054242767
-0.27648053,0.06882304,0.051161766
-0.26759195,0.054861292,0.051957346
-0.2534385,0.03992896,0.057123687
-0.23396602,0.02398174,0.06625691
-0.20853046,0.0065108878,0.0783479
-0.17609814,-0.013359655,0.0921742
-0.13563097,-0.036615636,0.10664265
-0.08654794,-0.06401346,0.12099848
-0.029187756,-0.0957075,0.13483085
0.034852535,-0.13092268,0.14789194
0.10264357,-0.16776432,0.1598021
0.17010523,-0.2031969,0.16973382
0.23253828,-0.23330334,0.17620528
0.28534323,-0.25380442,0.17705876
0.32482246,-0.26082352,0.16966377
0.34881517,-0.2517601,0.15133092
0.35708243,-0.2261229,0.11986981
0.3512884,-0.18607618,0.074204125
0.3346054,-0.13648424,0.014912427
0.31104672,-0.0843788,-0.055356704
0.28468353,-0.037804767,-0.13177691
0.25892216,-0.004286694,-0.20758013
0.23597124,0.0107784085,-0.27473158
0.21661022,0.005352912,-0.32491362
0.20022628,-0.018686181,-0.35078013
0.18510674,-0.05589224,-0.34714323
0.16888864,-0.09843075,-0.3118383
0.14908442,-0.13774607,-0.24605696
0.12357652,-0.1663097,-0.15409239
0.091027655,-0.17893907,-0.04262696
0.051135678,-0.17339088,0.08020707
0.0047553275,-0.1501449,0.20558996
-0.046163574,-0.11159076,0.32460472
-0.09875928,-0.060962036,0.4285507
-0.1495752,-0.0013978049,0.5092793
-0.19490986,0.064529,0.559672
-0.23124363,0.13480863,0.5745466
-0.25564194,0.20758045,0.55177486
-0.26612243,0.2806252,0.49329787
-0.26192188,0.35096824,0.40560734
-0.24366492,0.41490892,0.2992775
-0.2133869,0.46843624,0.18747014
-0.17441975,0.5079359,0.08367106
-0.13112718,0.530963,-0.0008168009
-0.0885535,0.5367663,-0.058820475
-0.0519519,0.52644205,-0.08828552
-0.02626814,0.5026214,-0.091941394
-0.015599204,0.4688051,-0.07585064
-0.022710348,0.42860302,-0.047329284
-0.048638545,0.38509014,-0.012896801
-0.09247743,0.34052098,0.02314995
-0.15141034,0.2964357,0.059181202
-0.22096524,0.254128,0.09562824
-0.29554018,0.2151912,0.13367195
-0.36907697,0.18192992,0.17370205
-0.43582004,0.15738396,0.21416238
-0.49094594,0.14492148,0.25118238
-0.53105766,0.14743623,0.27922833
-0.55438316,0.16642442,0.29254803
-0.56071806,0.20124154,0.2869433
-0.55113614,0.24877678,0.2612317
-0.5275999,0.30369234,0.21787831
-0.4925669,0.35914737,0.16253035
-0.44865954,0.40781552,0.102574036
-0.39849076,0.4428579,0.045248523
-0.34457734,0.45870858,-0.004141787
-0.28934398,0.45151642,-0.043301687
-0.23512176,0.419331,-0.07305865
-0.18416262,0.3621917,-0.09652216
-0.13855812,0.28226653,-0.117681846
-0.10012659,0.18407793,-0.1398722
-0.07024013,0.07464988,-0.16458456
-0.04966419,-0.03654289,-0.1908981
-0.03838537,-0.13821399,-0.21566324
-0.035512477,-0.21847734,-0.23431489
-0.03927447,-0.2665904,-0.24209557
-0.047159117,-0.27480224,-0.23535372
-0.056200836,-0.23997577,-0.21262066
-0.06340465,-0.16446374,-0.17518231
-0.06624178,-0.05602889,-0.1269991
-0.06311926,0.073261105,-0.07395829
-0.053712413,0.2088166,-0.022679737
-0.039065585,0.33577093,0.020905046
-0.021411445,0.44113877,0.052802596
-0.003715616,0.51558787,0.071771055
0.010947947,0.55443513,0.07949406
0.020090982,0.5579089,0.08015751
0.022382652,0.5305435,0.079513796
0.017989567,0.47997692,0.08367583
0.008571269,0.41537985,0.097854845
-0.0030764493,0.34587282,0.12525173
-0.013666377,0.27923742,0.16626817
-0.020209495,0.22112486,0.21817863
-0.020764824,0.17480275,0.27535433
-0.0149636185,0.14128575,0.3301407
-0.004181909,0.119750984,0.3741757
0.008675561,0.10790551,0.40010625
0.019715948,0.10233377,0.4031994
0.024780178,0.09881172,0.38246593
0.020172555,0.09271072,0.34092322
0.0032585321,0.07959251,0.28484163
-0.027140515,0.056002133,0.2221458
-0.07058932,0.020299597,0.1603541
-0.12500367,-0.026656188,0.10482065
-0.18678859,-0.081297874,0.057658117
-0.2510771,-0.13773085,0.017818077
-0.31212112,-0.18870834,-0.017769098
-0.36385894,-0.2269911,-0.052395694
-0.40065262,-0.24675098,-0.08775509
-0.41811067,-0.24465962,-0.12272863
-0.4138372,-0.22039892,-0.15323052
-0.38788596,-0.17652978,-0.17308877
-0.34280643,-0.11783317,-0.17576265
-0.28317565,-0.050356932,-0.1562682
-0.21472633,0.019559242,-0.11274336
-0.14326769,0.08608854,-0.047197785
-0.073679276,0.14446905,0.034725506
-0.009216761,0.19132252,0.12485368
0.048711583,0.22479482,0.21407312
0.10034298,0.24460281,0.2940268
0.14692517,0.25192827,0.358308
0.19002973,0.24924162,0.4031832
0.23089297,0.23995323,0.42760664
0.27000397,0.22793064,0.4327667
0.3070064,0.21692392,0.42139995
0.3408888,0.20998003,0.397116
0.37035382,0.20894283,0.36388063
0.39424744,0.21412914,0.3256472
0.41183728,0.22424816,0.28614458
0.42294133,0.23660158,0.2486372
0.42781508,0.24756357,0.21569937
0.42688835,0.25329024,0.18902753
0.42046306,0.2505415,0.1693978
0.4084995,0.23745051,0.15685627
0.39059368,0.21405363,0.15114461
0.36614743,0.18239132,0.15224169
0.33472854,0.14616846,0.1608237
0.29644957,0.10996265,0.17840791
0.2522813,0.07822864,0.20705654
0.20418088,0.05435525,0.2486565
0.15499808,0.040043864,0.3039592
0.108179234,0.035167653,0.3716847
0.06734298,0.038108975,0.4480012
0.035782717,0.04642273,0.5266775
0.01607021,0.05757061,0.59979236
0.009697245,0.06949985,0.6590888
0.016895698,0.08092476,0.69748694
0.03661748,0.09130643,0.71043557
0.066685066,0.100643784,0.6967294
0.104097985,0.109231375,0.65857327
0.14544812,0.11750341,0.6008875
0.18736729,0.12599875,0.53006864
0.22695617,0.1354008,0.4524907
0.2620145,0.14653403,0.37331358
0.2911533,0.16026323,0.2956957
0.31369245,0.17726667,0.22070122
0.32944036,0.19775468,0.14777517
0.33843902,0.22124316,0.07556654
0.3407678,0.24648295,0.0028102503
0.3364721,0.2715831,-0.070957154
0.32561848,0.2943188,-0.14503464
0.3084452,0.31248412,-0.21736793
0.28552005,0.32425904,-0.284684
0.25782952,0.328469,-0.34271136
0.22675258,0.32472348,-0.38653666
0.19391456,0.31344658,-0.41112065
0.16097045,0.29582238,-0.4119948
0.12939584,0.2736762,-0.38609442
0.10032582,0.24925953,-0.33254552
0.074548006,0.22499163,-0.25327194
0.05254179,0.20308903,-0.15315686
0.03458121,0.18519649,-0.039727073
0.02080893,0.17209066,0.07760408
0.011236089,0.16357088,0.18858157
0.0056630387,0.15860426,0.28325436
0.0035606027,0.15571009,0.35305372
0.003977209,0.15346631,0.3917481
0.0055388487,0.1509581,0.39603966
0.006571397,0.14797914,0.36594185
0.005341146,0.14489554,0.30469397
0.00036349663,0.1422068,0.21825248
-0.009287501,0.13998353,0.11440472
-0.023734715,0.13742624,0.0016719031
-0.042163663,0.13276675,-0.11174136
-0.06284018,0.12360041,-0.2188241
-0.08324066,0.10758008,-0.31406462
-0.10033627,0.08323303,-0.39355442
-0.11096485,0.050610695,-0.45476824
-0.11226281,0.011522143,-0.49632007
-0.10210125,-0.03076137,-0.51782775
-0.079464056,-0.07225998,-0.51991343
-0.04471015,-0.10928084,-0.5042721
0.00031444497,-0.13935651,-0.4736681
0.052377332,-0.16188386,-0.4317179
0.107056856,-0.17822345,-0.38250917
0.15914765,-0.19131193,-0.33002815
0.20314325,-0.20481345,-0.27760348
0.23379028,-0.22203542,-0.22749732
0.2466703,-0.2448772,-0.18075444
0.23875466,-0.27308556,-0.1373494
0.20887128,-0.30404112,-0.0965887
0.15797812,-0.33321083,-0.057618108
0.089247085,-0.3551201,-0.019973375
0.007828784,-0.36469087,0.01610412
-0.07964208,-0.3585047,0.049600728
-0.16576132,-0.33563346,0.0789696
-0.24318099,-0.2977778,0.10257795
-0.30541837,-0.24868347,0.11918639
-0.3475072,-0.19303901,0.12825523
-0.36643964,-0.13518387,0.12994657
-0.36126542,-0.078178674,0.1248007
-0.33301324,-0.02337721,0.113259286
-0.2843962,0.029243233,0.09526217
-0.21944052,0.08017588,0.07015967
-0.14310384,0.129236,0.037055727
-0.060914405,0.17461307,-0.004498472
0.02136688,0.21253608,-0.053713758
0.098174445,0.23781034,-0.10805537
0.16449548,0.24508213,-0.16318545
0.21639882,0.23059133,-0.21360494
0.25148275,0.1937578,-0.25374287
0.269209,0.13806401,-0.27920675
0.27100655,0.070851654,-0.28778857
0.26006916,0.002009319,-0.2799088
0.24085458,-0.058095407,-0.2583884
0.21836153,-0.10082484,-0.227669
0.19730917,-0.1210054,-0.19274911
0.18142153,-0.1176349,-0.15824826
0.17288902,-0.0935674,-0.12776774
0.17213921,-0.054283664,-0.10370014
0.17792048,-0.006247639,-0.087372504
0.18766189,0.04464005,-0.079319485
0.1980307,0.094084285,-0.07946947
0.20558049,0.13973847,-0.087120645
0.20738526,0.1809414,-0.1007384
0.201543,0.21798505,-0.117708966
0.18749239,0.25136954,-0.13428612
0.16607818,0.28121555,-0.14588337
0.13937026,0.3070365,-0.14775635
0.11027907,0.32786474,-0.13594691
0.08203937,0.34260425,-0.10823709
0.057675015,0.35042903,-0.06482162
0.03952207,0.35106453,-0.008425239
0.028956164,0.34485632,0.056108132
0.026294941,0.3326636,0.12278496
0.03094071,0.3156445,0.18564561
0.041695997,0.29504704,0.23987518
0.057178613,0.27208135,0.28255618
0.076232776,0.24788307,0.31290218
0.098233126,0.22353509,0.33197644
0.12321784,0.20006447,0.34206802
0.15176159,0.17842636,0.3459334
0.18466946,0.15939237,0.34620762
0.22251983,0.14342879,0.34508294
0.2652022,0.13058144,0.34429246
0.31159094,0.12040588,0.3452652
0.3594783,0.11195736,0.34925768
0.40581942,0.103849314,0.3572978
0.44729567,0.094380334,0.36990583
0.48096538,0.08176431,0.386674
0.5049592,0.06444572,0.40593916
0.5189205,0.041490372,0.42473984
0.52409667,0.01296419,0.4391631
0.5230324,-0.019820862,0.44501323
0.51892877,-0.054319333,0.43860033
0.51483345,-0.0870883,0.41739622
0.5128494,-0.11441205,0.3803903
0.513558,-0.13309398,0.32806846
0.51578534,-0.14115252,0.26220328
0.51675284,-0.13830541,0.18550539
0.51256883,-0.12606497,0.10135398
0.49894285,-0.107471906,0.013641027
0.47197208,-0.08657243,-0.07329274
0.4288432,-0.067795806,-0.15470308
0.368352,-0.055371497,-0.22554205
0.29112285,-0.05284417,-0.28073582
0.19966966,-0.062711746,-0.31551057
0.09815553,-0.0861065,-0.32598013
-0.007965651,-0.1225341,-0.3097694
-0.11242716,-0.16969793,-0.26663005
-0.20869759,-0.2235064,-0.19885951
-0.29056564,-0.2783734,-0.11134076
-0.35270822,-0.32785556,-0.011098435
-0.39123547,-0.36561593,0.09370142
-0.40400538,-0.3864274,0.194864
-0.3908388,-0.38713703,0.28536448
-0.35344994,-0.36723527,0.36005214
-0.29516998,-0.32894278,0.4157385
-0.22051488,-0.27679473,0.45069727
-0.13469152,-0.21685031,0.46386948
-0.04315165,-0.15574108,0.45421696
0.048823226,-0.099726856,0.42058223
0.13627335,-0.05406358,0.36224255
0.21475603,-0.022562748,0.27994484
0.2804304,-0.007451979,0.17700353
0.33016914,-0.009378882,0.0599344
0.3617098,-0.027461998,-0.06176067
0.37383485,-0.05933276,-0.176738
0.36653352,-0.10119321,-0.27362192
0.34108728,-0.14797863,-0.34297174
0.29999888,-0.19377407,-0.3789172
0.24681273,-0.23242335,-0.37991714
0.18576086,-0.2584147,-0.34873065
0.1213449,-0.26775712,-0.29157257
0.05790028,-0.258654,-0.21684179
-0.0007821864,-0.2317656,-0.13375868
-0.051724765,-0.18997122,-0.0511861
-0.09288837,-0.13771059,0.023218857
-0.12318961,-0.080055624,0.08356215
-0.14235054,-0.021889584,0.12586676
-0.15075143,0.032765254,0.14811713
-0.14924209,0.08106598,0.15008602
-0.13899796,0.12140476,0.13306244
-0.12143457,0.15331823,0.09952622
-0.098176196,0.17736323,0.05281788
-0.07104904,0.19498968,-0.0031354201
-0.042030312,0.20835377,-0.06407507
-0.01317294,0.21992017,-0.12552583
0.013594236,0.23183782,-0.18299532
0.036715724,0.24513051,-0.23218507
0.055275626,0.25898293,-0.26929745
0.06920171,0.27046862,-0.2914127
0.07932186,0.27502933,-0.29686248
0.08721468,0.26777038,-0.28549504
0.094850875,0.24528018,-0.25871283
0.10406873,0.20740938,-0.21926628
0.11602401,0.15828466,-0.17079009
0.13075602,0.10602827,-0.11721643
0.14702223,0.061070707,-0.062210146
0.16248906,0.033471867,-0.008787479
0.1742633,0.030084983,0.04077918
0.17963961,0.052509815,0.08474908
0.17686227,0.09656814,0.121512905
0.16566129,0.15342152,0.14907505
0.14741307,0.21199481,0.16476035
0.12484798,0.2618332,0.165234
0.1013964,0.29548797,0.1469889
0.08036536,0.30974442,0.107265726
0.06418696,0.30548728,0.04521209
0.053948343,0.2864657,-0.037054203
0.049313713,0.25755358,-0.13384798
0.048817948,0.22312173,-0.2362017
0.050411582,0.18606232,-0.33291894
0.052060135,0.14753819,-0.41254032
0.052234728,0.10738655,-0.4655813
0.050177462,0.064850435,-0.4865508
0.045919504,0.019315843,-0.47519192
0.040105395,-0.029157244,-0.43657959
0.033720843,-0.0795613,-0.38003546
0.027814982,-0.12991711,-0.31706423
0.023297884,-0.17729394,-0.2589443
0.02081737,-0.21798714,-0.21437995
0.02071926,-0.24777462,-0.18787028
0.023058655,-0.26236802,-0.17909282
0.027639708,-0.25809348,-0.18340547
0.03407394,-0.23273389,-0.19329791
0.041859146,-0.1863455,-0.20041087
0.05049459,-0.12172562,-0.19761646
0.059614416,-0.04440333,-0.18062703
0.06914631,0.03808749,-0.1487819
0.07944459,0.11743421,-0.1048424
0.0913552,0.18598452,-0.05394755
0.10616642,0.23798028,-0.0021044412
0.12541373,0.27024186,0.045298576
0.15053803,0.28215685,0.08451735
0.18246628,0.27509964,0.11381304
0.2211456,0.25157878,0.1330917
0.26522312,0.21453409,0.14319824
0.3119339,0.16701265,0.14513323
0.3572987,0.11228861,0.1395463
0.39663792,0.05422964,0.12665805
0.4253239,-0.002419187,0.10655267
0.43961847,-0.052135583,0.07964378
0.43739825,-0.08922882,0.04706167
0.41859043,-0.10887855,0.0107489545
0.385211,-0.10821493,-0.026706124
0.34099904,-0.08717773,-0.06251094
0.29073447,-0.048764262,-0.094144054
0.23940882,0.0014070035,-0.11973267
0.19142875,0.056115504,-0.13823247
0.15000878,0.10786693,-0.14940393
0.11684011,0.15018402,-0.15364134
0.0920214,0.17859505,-0.1517331
0.07427126,0.19104564,-0.14460318
0.06123519,0.18784077,-0.1330808
0.04987508,0.17112419,-0.117695995
0.036837343,0.14414437,-0.09852726
0.018769508,0.110532396,-0.07513198
-0.0074139726,0.07378384,-0.046606287
-0.044283763,0.037049845,-0.011814938
-0.09366699,0.0031891807,0.030240986
-0.15632975,-0.024953652,0.079885766
-0.23169424,-0.044343755,0.13627145
-0.3175721,-0.051721457,0.19698758
-0.41003978,-0.043890767,0.25795677
-0.50355756,-0.018331297,0.31372318
-0.59140664,0.025994502,0.35815924
-0.66643673,0.08785081,0.38549107
-0.72209173,0.16328993,0.39144763
-0.753361,0.24563546,0.37418497
-0.7576575,0.32618505,0.33479702
-0.73523647,0.39543277,0.2771775
-0.6891118,0.44463158,0.2072906
-0.624474,0.46735558,0.1320612
-0.54775786,0.46069488,0.058218338
-0.4655927,0.4258047,-0.008591775
-0.3838907,0.36767915,-0.06423213
-0.30717912,0.29415748,-0.10610693
-0.23844086,0.21452242,-0.13285947
-0.17917281,0.13785207,-0.14415722
-0.12973759,0.071602955,-0.1406054
-0.08978808,0.020660244,-0.12386829
-0.058650058,-0.012999965,-0.09685232
-0.03558984,-0.030059284,-0.06373828
-0.019945959,-0.03317934,-0.029688358
-0.011136317,-0.026133161,-0.0001561929
-0.008613852,-0.012982293,0.020001434
-0.011766165,0.0025314884,0.027477412
-0.019828381,0.017324176,0.021179605
-0.03181168,0.029071765,0.0024378584
-0.04646282,0.036178734,-0.025329653
-0.06226201,0.03772685,-0.057418473
-0.07746384,0.033481684,-0.08891576
-0.0901961,0.023959659,-0.11582407
-0.0985762,0.010508318,-0.1358943
-0.10087592,-0.0047159395,-0.14904644
-0.095676325,-0.018960273,-0.15719268
-0.08200366,-0.029320907,-0.16351077
-0.059428345,-0.033375964,-0.17133917
-0.028121328,-0.029868422,-0.18298261
0.011123167,-0.019248905,-0.19877113
0.05693168,-0.0038835248,-0.21668206
0.10737215,0.012162222,-0.23264208
0.16008219,0.023789058,-0.24150893
0.2124279,0.02582555,-0.23844674
0.26173204,0.014071866,-0.22032495
0.30554423,-0.01382568,-0.18673268
0.34191298,-0.05786448,-0.14031403
0.36959466,-0.11562979,-0.08633042
0.38817304,-0.1827258,-0.031528015
0.39799586,-0.25343987,0.017254606
0.40002987,-0.32164764,0.054519676
0.39560977,-0.38166416,0.077113174
0.38618308,-0.42895803,0.084634356
0.37310988,-0.46063745,0.07921601
0.35756147,-0.47567487,0.0648127
0.34052208,-0.47486806,0.046232942
0.32286632,-0.46057796,0.028171057
0.30544722,-0.4362799,0.014418588
0.28918204,-0.40605608,0.0073977504
0.2750407,-0.37407586,0.00796414
0.26396996,-0.34418046,0.015467513
0.25675073,-0.31961194,0.027980072
0.25383148,-0.302888,0.042634092
0.2551905,-0.29577544,0.056039013
0.26027298,-0.29928708,0.064762935
0.26804262,-0.3136453,0.065862514
0.27713725,-0.33817482,0.057399657
0.28611204,-0.37115595,0.038895655
0.2936995,-0.40970168,0.011608799
0.29901326,-0.44974044,-0.02143641
0.30162656,-0.486181,-0.055712868
0.3014978,-0.51330507,-0.08573303
0.29876614,-0.52538365,-0.105796635
0.29348406,-0.51746374,-0.11084373
0.2854033,-0.4861937,-0.097238146
0.27389035,-0.43056875,-0.0634188
0.25802517,-0.35239884,-0.010262543
0.23685355,-0.25637165,0.05888434
0.20970693,-0.14964023,0.13853033
0.17647563,-0.040970035,0.22168422
0.13775018,0.060410447,0.30071217
0.09475254,0.1461292,0.36833292
0.049184617,0.20970006,0.4183986
0.0029519391,0.24737372,0.44655955
-0.042056836,0.258445,0.45055178
-0.08411156,0.245081,0.43020865
-0.12169103,0.2117205,0.38728806
-0.15349165,0.16416676,0.32525983
-0.17845458,0.10855746,0.2491305
-0.19586565,0.050404537,0.16530716
-0.20553729,-0.0061714747,0.08128721
-0.20798984,-0.05875165,0.005215648
-0.2045915,-0.10659953,-0.055060897
-0.1975301,-0.15021755,-0.09319213
-0.18958008,-0.19066219,-0.105614305
-0.18367672,-0.22880352,-0.092554644
-0.1823753,-0.26472566,-0.058379058
-0.18732183,-0.29741955,-0.011061986
-0.19888034,-0.32485148,0.039256614
-0.21601224,-0.34428596,0.08223306
-0.23646735,-0.3528403,0.1094771
-0.25724632,-0.34804213,0.11626017
-0.27523273,-0.32830694,0.10238352
-0.28784415,-0.29327378,0.071994185
-0.29354584,-0.2440079,0.03242498
-0.29210827,-0.18310735,-0.007614359
-0.284558,-0.114658184,-0.040068302
-0.272858,-0.044138324,-0.05923268
-0.25941432,0.0219994,-0.06290098
-0.24654514,0.07699961,-0.05269296
-0.23604344,0.114768766,-0.033618808
-0.22891857,0.13098675,-0.013011053
-0.22533783,0.124111846,0.00096380996
-0.22473422,0.0959783,0.0009738753
-0.22600788,0.051718913,-0.017880127
-0.22774766,-0.0009956781,-0.056793887
-0.22842057,-0.053342856,-0.11256253
-0.2265137,-0.096981116,-0.17767796
-0.22064398,-0.12553999,-0.24130756
-0.20966415,-0.1356122,-0.29107726
-0.19278638,-0.12705532,-0.31536147
-0.16972606,-0.102620505,-0.30561137
-0.14081313,-0.06706786,-0.258168
-0.10707488,-0.026105344,-0.17514518
-0.0701713,0.014661788,-0.06415514
-0.032205418,0.050530177,0.06302103
0.0045946054,0.07817847,0.19244045
0.038252536,0.09582705,0.31018513
0.067381896,0.10313081,0.40426445
0.09138144,0.100883536,0.46595284
0.11042112,0.090613306,0.4904905
0.12523344,0.07413822,0.47725627
0.1367424,0.053181056,0.42951462
0.14570577,0.029080674,0.35391062
0.1524474,0.0026708213,0.2596666
0.15677024,-0.025653843,0.15749401
0.15804864,-0.05569875,0.058237366
0.15543269,-0.087109864,-0.028622698
0.14806987,-0.11897991,-0.09636294
0.13525462,-0.14956449,-0.14206034
0.11649179,-0.17615266,-0.16687119
0.0914763,-0.1952841,-0.17561749
0.060062088,-0.20327497,-0.17555596
0.022272954,-0.19702534,-0.1746279
-0.021616366,-0.17495157,-0.17954005
-0.07094577,-0.13779967,-0.19410191
-0.12452565,-0.08908218,-0.21820334
-0.1805965,-0.034868136,-0.24773368
-0.23682466,0.017024538,-0.2754667
-0.2905225,0.058470845,-0.2928433
-0.3389622,0.0826904,-0.2922335
-0.37978294,0.08572476,-0.26915762
-0.4114051,0.06732658,-0.22387977
-0.43335554,0.031003227,-0.16188884
-0.44640878,-0.016787643,-0.093043834
-0.45248508,-0.06810493,-0.029434722
-0.4542674,-0.11513952,0.017412884
-0.4546344,-0.15170968,0.039484877
-0.45599452,-0.17421594,0.034422114
-0.45970014,-0.18197125,0.006278131
-0.4656961,-0.17696188,-0.03541767
-0.47250363,-0.16321337,-0.07812657
-0.47756636,-0.14596227,-0.10967203
-0.4778709,-0.13078791,-0.12158128
-0.47069916,-0.12276672,-0.11141337
-0.4543103,-0.12571958,-0.08332272
-0.42839095,-0.14153361,-0.046674524
-0.39416152,-0.16967228,-0.013077429
-0.35411933,-0.2069817,0.007233835
-0.3115075,-0.24793078,0.008524859
-0.26965114,-0.28536674,-0.008782695
-0.23133609,-0.311741,-0.038396135
-0.1983427,-0.32063243,-0.07022272
-0.17129299,-0.3081846,-0.09339336
-0.1496925,-0.2741723,-0.09930228
-0.13218735,-0.22232398,-0.08366662
-0.1169,-0.15979297,-0.047128722
-0.101757064,-0.0958564,0.0055595096
-0.08475258,-0.040115517,0.06726125
-0.06413781,-0.00059315894,0.13036306
-0.03853915,0.017900359,0.1882829
-0.0070816604,0.014719486,0.23609272
0.03052604,-0.006422621,0.27047986
0.07390739,-0.03817738,0.28920653
0.121978104,-0.07105224,0.29054734
0.17297518,-0.09541809,0.27303377
0.22457027,-0.10363199,0.2356441
0.27405113,-0.091791704,0.17835493
0.3185813,-0.060652878,0.10274306
0.35538822,-0.01546172,0.012479948
0.38199162,0.03532747,-0.08667786
0.39634618,0.08210473,-0.18734665
0.39694488,0.11636667,-0.28137675
0.38289705,0.13257001,-0.3608958
0.3540058,0.12910974,-0.41929138
0.31085742,0.10825336,-0.45192736
0.2549267,0.075195074,-0.45650035
0.18861324,0.036584206,-0.43303767
0.115296185,-0.00093111384,-0.3836399
0.03918847,-0.031883705,-0.3121057
-0.034922346,-0.052635368,-0.22352046
-0.10209072,-0.06153282,-0.12385947
-0.15773517,-0.058713358,-0.019585164
-0.19817846,-0.045742806,0.082805306
-0.22109683,-0.025240626,0.17728722
-0.2257917,-0.00054164336,0.2589232
-0.21317476,0.02455763,0.32427526
-0.18553856,0.04608696,0.37179542
-0.14611183,0.06023561,0.40188769
-0.0985322,0.06377815,0.41670316
-0.04635255,0.054561887,0.41970977
0.007317385,0.03197552,0.4151188
0.059970852,-0.0027194493,0.40727028
0.10971051,-0.04635357,0.40003046
0.1550301,-0.094110295,0.3962595
0.19461638,-0.14019386,0.39735237
0.22714257,-0.17873451,0.4029275
0.2511786,-0.20478043,0.41074774
0.26525617,-0.2151542,0.41697243
0.2680889,-0.20897779,0.41680366
0.2588971,-0.18775417,0.40548033
0.23774603,-0.15498413,0.37943846
0.2058208,-0.11547748,0.33738628
0.16552351,-0.07446906,0.28095487
0.12035699,-0.036774337,0.21471454
0.07458909,-0.0061243963,0.14548373
0.032749634,0.015226838,0.08106946
-0.0009467116,0.026602197,0.028743068
-0.023141831,0.028742997,-0.0061715413
-0.03175625,0.023465026,-0.02129164
-0.026182365,0.013215582,-0.017486008
-0.0072979927,0.00062327937,0.0014089997
0.022728577,-0.011893684,0.02942656
0.060764812,-0.02240884,0.059602264
0.103109516,-0.029640216,0.08516969
0.14590503,-0.032978486,0.10061157
0.18553074,-0.032412935,0.10241216
0.21895666,-0.028383404,0.089420125
0.24406917,-0.02157905,0.062775224
0.2598775,-0.012725934,0.02547801
0.26667032,-0.0023826398,-0.018325888
0.26600108,0.009202263,-0.06414792
0.26050818,0.022125196,-0.10785987
0.2535559,0.036717817,-0.14614208
0.24873127,0.053289965,-0.17661151
0.24926333,0.07177497,-0.1976767
0.257466,0.09139909,-0.20828377
0.27430356,0.110472046,-0.20768842
0.2991673,0.12647313,-0.19545388
0.32992208,0.136446,-0.17165187
0.36322618,0.13765706,-0.13719589
0.39508012,0.12835053,-0.0941257
0.42150334,0.10836536,-0.045661606
0.43920815,0.07939876,0.004070525
0.44614032,0.044773508,0.050662026
0.441747,0.0088089,0.090123065
0.42696676,-0.024105184,0.11959732
0.40392572,-0.050398648,0.13776779
0.37545058,-0.06793834,0.14488763
0.34452772,-0.07621339,0.14244683
0.31383988,-0.07608725,0.1326053
0.28547752,-0.069253966,0.11757816
0.26082814,-0.057607945,0.09913464
0.24067134,-0.04275176,0.07835802
0.22531302,-0.025751492,0.05564419
0.21473789,-0.007173989,0.030927872
0.20868257,0.012674624,0.004023351
0.20661262,0.033438593,-0.025035258
0.20762537,0.054464642,-0.055756602
0.21033698,0.07471171,-0.08712107
0.21282661,0.09284841,-0.11767609
0.21269345,0.107526496,-0.145762
0.20724787,0.11771293,-0.169693
0.19382122,0.12303144,-0.18788014
0.17013094,0.123967975,-0.1987688
0.13462546,0.121875875,-0.200659
0.08672984,0.118748814,-0.1915364
0.026943909,0.11679726,-0.1690926
-0.043204367,0.11792853,-0.13108326
-0.12138098,0.123283915,-0.07600098
-0.20461039,0.13298328,-0.00400645
-0.28952736,0.14617981,0.08228901
-0.37250513,0.16142762,0.17744452
-0.4497208,0.17724511,0.27350396
-0.5171924,0.19266964,0.36105633
-0.57087284,0.20758112,0.4308637
-0.60687757,0.22265191,0.47565946
-0.6219036,0.23892777,0.49168086
-0.6137315,0.25715753,0.47942433
-0.5817997,0.27715763,0.44355208
-0.5275955,0.2974257,0.39187217
-0.4547533,0.3151713,0.3337234
-0.3687622,0.3267735,0.27817366
-0.27630353,0.32853645,0.23244888
-0.18436599,0.31753734,0.20090389
-0.09924207,0.29232508,0.18464518
-0.025830556,0.25333032,0.18182096
0.032889497,0.20286691,0.18831627
0.075928524,0.14475603,0.1987077
0.10401945,0.08366395,0.20724383
0.119103715,0.024314873,0.20871401
0.12372078,-0.029239707,0.19913438
0.12044046,-0.07412835,0.17624745
0.11144768,-0.10887742,0.1398251
0.09834118,-0.13323943,0.091839306
0.082130715,-0.1478537,0.036403123
0.06338247,-0.1537842,-0.020545604
0.042430162,-0.15212978,-0.07190273
0.019565687,-0.14379717,-0.11041221
-0.004847586,-0.12944832,-0.1299306
-0.030354962,-0.10955633,-0.12670583
-0.05645878,-0.08448072,-0.10034723
-0.0826987,-0.054473396,-0.05414865
-0.10866052,-0.019677509,0.0053343214
-0.13395968,0.019889783,0.069481015
-0.15815619,0.06422752,0.12924978
-0.18066932,0.113094896,0.1768756
-0.20075196,0.16564974,0.20722087
-0.21756613,0.2201153,0.21850349
-0.23035884,0.27363455,0.2123322
-0.23870173,0.32248962,0.19313373
-0.24267514,0.36257493,0.16719921
-0.24294968,0.39018184,0.1415489
-0.2406732,0.40275747,0.122809626
-0.23717946,0.39947727,0.11624222
-0.23358035,0.3814673,0.12501712
-0.23035352,0.35165212,0.14982192
-0.22704872,0.3143083,0.18884318
-0.2222046,0.2744345,0.23816653
-0.21352734,0.23715603,0.29241407
-0.19830213,0.20712502,0.34559256
-0.17396602,0.18801713,0.3918742
-0.13872178,0.18207915,0.42618734
-0.09205856,0.18974194,0.4445543
-0.03505698,0.20936295,0.44422677
0.029596154,0.23721331,0.42375126
0.09796431,0.26786062,0.3830646
0.1653836,0.2949359,0.32369548
0.22722287,0.31229448,0.24892323
0.2795669,0.3152803,0.16374817
0.31971216,0.30178145,0.07449676
0.3463541,0.272734,-0.011975343
0.35944456,0.23186427,-0.08934311
0.35980025,0.1846866,-0.15284751
0.34862027,0.13702738,-0.1999718
0.32706922,0.09347825,-0.23057732
0.29609042,0.056355555,-0.2463838
0.25645372,0.025354836,-0.25012475
0.20901227,-0.00191047,-0.24459365
0.15502779,-0.028734252,-0.23192881
0.096417494,-0.05789714,-0.21331291
0.0358013,-0.09045461,-0.18907572
-0.023691043,-0.12507848,-0.15905778
-0.07887102,-0.15813406,-0.12299632
-0.12695476,-0.18434103,-0.08085348
-0.16607226,-0.19789456,-0.03294461
-0.19554272,-0.19366941,0.020019228
-0.2158761,-0.16827865,0.0769124
-0.22847685,-0.12080261,0.13613863
-0.23512231,-0.053112637,0.19554685
-0.23736341,0.030203642,0.25238368
-0.23602585,0.12235746,0.30342028
-0.23097011,0.21505447,0.34517214
-0.22119668,0.29954454,0.37436607
-0.20527662,0.36771125,0.38842896
-0.1819747,0.41311923,0.38592976
-0.15087429,0.4318259,0.36685285
-0.11280052,0.4227994,0.33263925
-0.069906354,0.38786224,0.28599766
-0.02535028,0.3311374,0.23049808
0.017246993,0.25821826,0.17013925
0.054533243,0.17517734,0.1088488
0.08404631,0.08773176,0.050099082
0.10460716,0.00074636005,-0.0033425223
0.11640151,-0.08183123,-0.049505115
0.12076152,-0.15666248,-0.08717443
0.11973372,-0.2205268,-0.11577573
0.11555825,-0.26997292,-0.13527118
0.11018524,-0.30121878,-0.14606474
0.10492145,-0.3106205,-0.14901206
0.10027065,-0.2954819,-0.1454222
0.09597585,-0.2550162,-0.13700807
0.09124112,-0.1910863,-0.12570904
0.08507384,-0.10840444,-0.11337164
0.0766641,-0.014044865,-0.10135657
0.065717384,0.083619736,-0.0902158
0.05265211,0.17632623,-0.07959155
0.03864044,0.25702968,-0.06847122
0.025455104,0.32067057,-0.05574745
0.015184826,0.36423033,-0.040951174
0.009881952,0.3862867,-0.02488535
0.01123056,0.38636133,-0.009886029
0.02030681,0.3644212,0.00045886933
0.037468836,0.32078764,0.0021261137
0.06239156,0.25644034,-0.008203428
0.0941618,0.17363584,-0.03203286
0.13142727,0.07639368,-0.0683273
0.17250603,-0.029368876,-0.11345104
0.21544445,-0.13624156,-0.1618074
0.25803453,-0.23622072,-0.20700537
0.29783067,-0.32187194,-0.24320824
0.33222756,-0.38742828,-0.26627812
0.35865933,-0.4295889,-0.2744347
0.37485635,-0.44771305,-0.26826888
0.37921017,-0.443614,-0.2502619
0.3710863,-0.42092815,-0.22397447
0.35101733,-0.38433132,-0.19319959
0.32070446,-0.3387843,-0.16129147
0.28280237,-0.28893244,-0.13078089
0.24053828,-0.23872425,-0.10328106
0.19721231,-0.19118665,-0.079579644
0.15578488,-0.14842764,-0.059875622
0.118515946,-0.11166611,-0.043981094
0.08680351,-0.08136043,-0.03150437
